video_id,video_title,shortType,comment_id,parent_id,isReply,author,text,publishedAt,likeCount
-Zi7aO6P_U0,[#신사장프로젝트] 떠들썩한 동네 싸움에 해결사 등장!🌟 세탁소 갑질하는 건물주 바로 정리하는 신사장😎,Clip,UgwBrd2WhD4SFbas1Bx4AaABAg,,0,@Diggle,"주먹의 시대는 끝났다👊
데미지 MAX '말빨'로 승부한다💥

믿고 보는 배우 한석규의 사이다 협상극

〈신사장 프로젝트〉 | tvN

#tvN #신사장프로젝트 #ShinsProject
#한석규 #배현성 #이레
#같이달려tvN #스트리밍은TVING",2025-10-29T07:57:47Z,0
-Zi7aO6P_U0,[#신사장프로젝트] 떠들썩한 동네 싸움에 해결사 등장!🌟 세탁소 갑질하는 건물주 바로 정리하는 신사장😎,Clip,Ugy0ktB6Dc3xp9Xvk8d4AaABAg,,0,@햇살바람비,아역배우 귀여운녀석이네 ㅋ ㅋ,2025-10-29T10:46:21Z,0
-Zi7aO6P_U0,[#신사장프로젝트] 떠들썩한 동네 싸움에 해결사 등장!🌟 세탁소 갑질하는 건물주 바로 정리하는 신사장😎,Clip,Ugw6Lch4v62bFIOYh0N4AaABAg,,0,@이쁜이-d8k,아~~꼬마 너무귀여워~😊,2025-10-29T03:43:00Z,2
-Zi7aO6P_U0,[#신사장프로젝트] 떠들썩한 동네 싸움에 해결사 등장!🌟 세탁소 갑질하는 건물주 바로 정리하는 신사장😎,Clip,UgwSq9v5DyhFMbNG74t4AaABAg,,0,@김은희-h2e,남자아역 연기도잘하고귀여워~~~,2025-10-29T00:32:01Z,3
2hc6JvE98bg,감옥에서 마주친 두 사람.. 비참한 최후를 맞은 병원장 #신사장프로젝트 EP.12 | tvN 251028 방송,Clip,UgyBJOdVg4qw0s-WSKN4AaABAg,,0,@tvNDRAMA_official,"[신사장 프로젝트] 지금 티빙에서!
https://www.tving.com/contents/P001775535

전 레전드 협상가, 현 치킨집 사장? 미스터리한 비밀을 가진 신사장이 편법과 준법을 넘나들며 사건을 해결하고 정의를 구현해 내는 분쟁 해결 히어로 드라마

tvN [신사장 프로젝트]",2025-10-29T01:27:24Z,0
2hc6JvE98bg,감옥에서 마주친 두 사람.. 비참한 최후를 맞은 병원장 #신사장프로젝트 EP.12 | tvN 251028 방송,Clip,Ugylzh8_RGyJZOBKm594AaABAg,,0,@더록-n2w,이거 잼있나요??😅😅,2025-10-29T11:22:19Z,0
2hc6JvE98bg,감옥에서 마주친 두 사람.. 비참한 최후를 맞은 병원장 #신사장프로젝트 EP.12 | tvN 251028 방송,Clip,UgxsTOMaTDYldb9Aq-54AaABAg,,0,@Lariiette,어머 무서워라,2025-10-29T11:19:07Z,0
2hc6JvE98bg,감옥에서 마주친 두 사람.. 비참한 최후를 맞은 병원장 #신사장프로젝트 EP.12 | tvN 251028 방송,Clip,UgzFLViGjdw6goWIbYB4AaABAg,,0,@beckie5922,왜 죽여? 죽이지 말고 더운 여름에 고생하는 걸 보여줘야지... 그리고 형 다 살고 죽임을 당해야지...,2025-10-29T10:58:56Z,0
2hc6JvE98bg,감옥에서 마주친 두 사람.. 비참한 최후를 맞은 병원장 #신사장프로젝트 EP.12 | tvN 251028 방송,Clip,Ugw2hA9g-eokxy5bTZ54AaABAg,,0,@monggl0929,"빵에서 또 작업을  시동걸었군ㅋㅋ
악은 악으로 받으니 굳",2025-10-29T00:25:45Z,4
2hc6JvE98bg,감옥에서 마주친 두 사람.. 비참한 최후를 맞은 병원장 #신사장프로젝트 EP.12 | tvN 251028 방송,Clip,UgxTuJsTEjgD6jIqHUt4AaABAg,,0,@SON-rn8ug,자업자득 이때만큼 윤동희를 응원하게됨,2025-10-29T00:01:37Z,3
2hc6JvE98bg,감옥에서 마주친 두 사람.. 비참한 최후를 맞은 병원장 #신사장프로젝트 EP.12 | tvN 251028 방송,Clip,Ugzove8v4IgdenqbDXB4AaABAg,,0,@리엱,신사장 아들을 죽인 이유가 뭐예요??,2025-10-28T13:19:12Z,3
2hc6JvE98bg,감옥에서 마주친 두 사람.. 비참한 최후를 맞은 병원장 #신사장프로젝트 EP.12 | tvN 251028 방송,Clip,UgxYwNCsNlNAuv0HDKN4AaABAg,,0,@루루tv-k1y,"이허준 잘가 
너가 키운 괴물?밑에서",2025-10-28T12:58:34Z,8
2hc6JvE98bg,감옥에서 마주친 두 사람.. 비참한 최후를 맞은 병원장 #신사장프로젝트 EP.12 | tvN 251028 방송,Clip,UgwS34CN15s1CaSVpmF4AaABAg,,0,@겨울-happy,"""되로 주고 말로 받는다."" 이 속담 생각나네요",2025-10-28T12:45:01Z,14
Z3UvYhAqMLM,[#신사장프로젝트] 살인범이 감옥에서 만난 병원장에게 벌인 일ㄷㄷ | #산지직송,Clip,UgwS3vR7YUs02jk6SJh4AaABAg,,0,@DiggleClassic,"주먹의 시대는 끝났다👊
데미지 MAX '말빨'로 승부한다💥

믿고 보는 배우 한석규의 사이다 협상극

〈신사장 프로젝트〉",2025-10-29T00:17:23Z,2
iAXcQdE8KE8,[#신사장프로젝트] 하루 아침에 세상이 무너졌던 그날...15년 만에 아들 죽음의 진실에 대해 알게 된 신사장 | #번개클립,Clip,Ugz5fxRbQLdoE4Np_ud4AaABAg,,0,@tvNDENT,"주먹의 시대는 끝났다👊
데미지 MAX '말빨'로 승부한다💥

믿고 보는 배우 한석규의 사이다 협상극

〈신사장 프로젝트〉",2025-10-28T00:25:17Z,11
iAXcQdE8KE8,[#신사장프로젝트] 하루 아침에 세상이 무너졌던 그날...15년 만에 아들 죽음의 진실에 대해 알게 된 신사장 | #번개클립,Clip,UgzYxVc153ORu-8GSm94AaABAg,,0,@sweeteun4113,"진짜 연기자는 다르구나.
한석규 연기는 가슴에  ..남는다
한참을 찡 했다",2025-10-30T01:02:27Z,0
iAXcQdE8KE8,[#신사장프로젝트] 하루 아침에 세상이 무너졌던 그날...15년 만에 아들 죽음의 진실에 대해 알게 된 신사장 | #번개클립,Clip,Ugzn_Acm3eEDJ1h4UQ14AaABAg,,0,@단국화,박혁권 연기 개어색함,2025-10-29T15:32:42Z,0
iAXcQdE8KE8,[#신사장프로젝트] 하루 아침에 세상이 무너졌던 그날...15년 만에 아들 죽음의 진실에 대해 알게 된 신사장 | #번개클립,Clip,UgzkqVnnQ8kycO9mtz14AaABAg,,0,@민들레-c1z,재밌네.,2025-10-29T11:35:43Z,3
iAXcQdE8KE8,[#신사장프로젝트] 하루 아침에 세상이 무너졌던 그날...15년 만에 아들 죽음의 진실에 대해 알게 된 신사장 | #번개클립,Clip,Ugz5JrreodoW9N78EoV4AaABAg,,0,@김수진-q5r8j,"엄마 돌아가신것 아니였냐??
뭐가 어떻게 돌아가는거야....
윤동희 정체 뭐야???",2025-10-29T09:06:37Z,1
iAXcQdE8KE8,[#신사장프로젝트] 하루 아침에 세상이 무너졌던 그날...15년 만에 아들 죽음의 진실에 대해 알게 된 신사장 | #번개클립,Clip,UgyOSkC55EdhQUyK-nN4AaABAg,,0,@루시퍼-g3g,신사장 프로젝트 시즌2 언제 쯤하나요?,2025-10-28T13:15:37Z,8
iAXcQdE8KE8,[#신사장프로젝트] 하루 아침에 세상이 무너졌던 그날...15년 만에 아들 죽음의 진실에 대해 알게 된 신사장 | #번개클립,Clip,Ugz_qX1dCDWYoFUP6xR4AaABAg,,0,@레몬트리-l7i,한석규 ❤,2025-10-28T11:44:57Z,4
iAXcQdE8KE8,[#신사장프로젝트] 하루 아침에 세상이 무너졌던 그날...15년 만에 아들 죽음의 진실에 대해 알게 된 신사장 | #번개클립,Clip,UgxS4A0-Bimpxy-ygD14AaABAg,,0,@Wrucjkd,시원합니다,2025-10-28T07:08:09Z,2
iAXcQdE8KE8,[#신사장프로젝트] 하루 아침에 세상이 무너졌던 그날...15년 만에 아들 죽음의 진실에 대해 알게 된 신사장 | #번개클립,Clip,UgzZoAIZQ6mUUUucPuB4AaABAg,,0,@정선애-u2r,개 쓰레기들 하는짓이 ㅉㅉ 정신좀 차리자 저런것이 정신병원 원장였다니?,2025-10-28T06:00:51Z,0
iAXcQdE8KE8,[#신사장프로젝트] 하루 아침에 세상이 무너졌던 그날...15년 만에 아들 죽음의 진실에 대해 알게 된 신사장 | #번개클립,Clip,UgwAOHsdHCpKfIgcNzN4AaABAg,,0,@수호-h2l,마지막 에필로그 너무 슬펐어요.. 😭😭 어제 시청률 9.1% 나왔던데 오늘 10% 넘고 끝나자!!,2025-10-28T05:26:41Z,16
iAXcQdE8KE8,[#신사장프로젝트] 하루 아침에 세상이 무너졌던 그날...15년 만에 아들 죽음의 진실에 대해 알게 된 신사장 | #번개클립,Clip,UgwxmjqY5kc4VIIDCbV4AaABAg,,0,@김태현-c4g,ㅎㅎ 한석규가 김상호보다 한참 위인데.........,2025-10-28T04:14:37Z,8
iAXcQdE8KE8,[#신사장프로젝트] 하루 아침에 세상이 무너졌던 그날...15년 만에 아들 죽음의 진실에 대해 알게 된 신사장 | #번개클립,Clip,Ugy1Zjg21Twwdb2WXox4AaABAg,,0,@sinjisuk1112,왜 이렇게 빨리 끝나는거야 50부는 해야지 지금 대한민국 상황이면 100부도 거뜬하겠구만 오늘이면 끝이네 진짜 드라마 안보는데 너무 재밌게 봤네 근데 최형사는 왜 형사역할이 어색하지?ㅋㅋ 바뀐거같아 이제 또 어떤 드라마가 재미로 찾아올지 기다려지네 역시 한석규,2025-10-28T01:27:37Z,16
iAXcQdE8KE8,[#신사장프로젝트] 하루 아침에 세상이 무너졌던 그날...15년 만에 아들 죽음의 진실에 대해 알게 된 신사장 | #번개클립,Clip,UgxLFfwj82UzibqJ_pl4AaABAg,,0,@오금석-p7r,한석규멋집니다,2025-10-27T23:55:49Z,12
iAXcQdE8KE8,[#신사장프로젝트] 하루 아침에 세상이 무너졌던 그날...15년 만에 아들 죽음의 진실에 대해 알게 된 신사장 | #번개클립,Clip,Ugww8mIH6-T2UfgWMUF4AaABAg,,0,@남안성호-f1j6s,ᆢ지금 이 나라엔 신사장님 같이 복수보단 사람을 위해 행동하는 분들이 진정한 대한민국 사람 인가싶네요ᆢ,2025-10-27T19:46:53Z,25
n8LJr4hhOh8,[#신사장프로젝트] 제대로 걸려들었다⚡ 병원장을 함정에 빠트린 신사장의 날카로운 전략💥,Clip,UgzMGLQbJ9c2U_bEzHN4AaABAg,,0,@Diggle,"주먹의 시대는 끝났다👊
데미지 MAX '말빨'로 승부한다💥

믿고 보는 배우 한석규의 사이다 협상극

〈신사장 프로젝트〉 
[월화] 저녁 8:50 방송 | tvN

#tvN #신사장프로젝트 #ShinsProject
#한석규 #배현성 #이레
#같이달려tvN #스트리밍은TVING",2025-10-28T00:18:31Z,2
n8LJr4hhOh8,[#신사장프로젝트] 제대로 걸려들었다⚡ 병원장을 함정에 빠트린 신사장의 날카로운 전략💥,Clip,Ugw87dc3LyYd4Px9P3h4AaABAg,,0,@김효준-i2f,"저의사 진짜 바보 먹통 씨키네  
의사는 저렇게 빙신짓 안합니다",2025-10-28T02:53:55Z,0
C0U2JK5PUhg,[#신사장프로젝트] 재판까지 안 가고도 해결해 드립니다^^ 갈등 조정 서울지법 TF팀 결성한 신사장즈✨ | #번개클립,Clip,UgwkUlPSdABhmede7Zl4AaABAg,,0,@AhNaeGaGGamBBakHaeBooLeoGatGo,11:23 전세계 전역하고 TF팀 취직했네ㅋㅋㅋ,2025-10-29T00:31:47Z,1
C0U2JK5PUhg,[#신사장프로젝트] 재판까지 안 가고도 해결해 드립니다^^ 갈등 조정 서울지법 TF팀 결성한 신사장즈✨ | #번개클립,Clip,Ugy2VHLLdq4etpxWxqd4AaABAg,,0,@무명-k5g,진짜 맞는말 이네  초코파이 하나먹어다고 재판 에넘기고 자판기 커피 육백원 써다고 버스기사님 재판에 넘긴 검새들 드드드드드,2025-10-28T22:13:25Z,0
C0U2JK5PUhg,[#신사장프로젝트] 재판까지 안 가고도 해결해 드립니다^^ 갈등 조정 서울지법 TF팀 결성한 신사장즈✨ | #번개클립,Clip,UgyGfrbIXXOmmf0Bmzl4AaABAg,,0,@대한민국만세-r2d,신사장같은 분이 있으면 변호사들이 싫어하겠네요. 돈 못버니까 ㅎㅎㅎ,2025-10-28T15:46:18Z,3
HVu51xhI7MU,//체포 완료// 드디어 잡힌 병원장과 범인! #신사장프로젝트 EP.11 | tvN 251027 방송,Clip,Ugwu7d2ahtr_IET-0RV4AaABAg,,0,@tvNDRAMA_official,"[신사장 프로젝트] 지금 티빙에서!
https://www.tving.com/contents/P001775535

전 레전드 협상가, 현 치킨집 사장? 미스터리한 비밀을 가진 신사장이 편법과 준법을 넘나들며 사건을 해결하고 정의를 구현해 내는 분쟁 해결 히어로 드라마

tvN [신사장 프로젝트]
10/28 [화] 저녁 8:50 최종화 방송",2025-10-28T01:36:32Z,0
HVu51xhI7MU,//체포 완료// 드디어 잡힌 병원장과 범인! #신사장프로젝트 EP.11 | tvN 251027 방송,Clip,Ugw1sYiHkPvgUAeVQO14AaABAg,,0,@호크아이-y2m,"복수만 계획했을텐데, 그게 신사장이 살아가는 유일한 원천이었을텐데… 저렇게 아무렇지 않게 흔한 사고였을 뿐이라는 개소리 듣고 앞으로 어떻게 살아갈까? ㅜㅜ",2025-10-27T15:13:04Z,4
HVu51xhI7MU,//체포 완료// 드디어 잡힌 병원장과 범인! #신사장프로젝트 EP.11 | tvN 251027 방송,Clip,Ugyc8xC1lN5zuat74CZ4AaABAg,,0,@루루tv-k1y,"세상이 무너지지ㅜㅜ
만약 진짜 그냥 사고였다고해도
자식잃은건데",2025-10-27T13:24:36Z,1
HVu51xhI7MU,//체포 완료// 드디어 잡힌 병원장과 범인! #신사장프로젝트 EP.11 | tvN 251027 방송,Clip,Ugw_-dZJDJLGzlicnnR4AaABAg,,0,@청냥이-t9s,"진짜..신사장님이 분노가..말로 표현하지 못할정도로..진짜..이해되네요
행복하셨으면 좋겠네요 이젠
준이도 그걸 원할거에요..ㅠㅜ",2025-10-27T13:24:27Z,6
HVu51xhI7MU,//체포 완료// 드디어 잡힌 병원장과 범인! #신사장프로젝트 EP.11 | tvN 251027 방송,Clip,UgxNFACVwxY_a5rzUyZ4AaABAg,,0,@루루tv-k1y,"얼마나 하늘이 무너질까 가슴이 찢기는 고통 ㅠㅠ
자식잃은 슬픔
죽이고싶을듯 나라도
내가족잃는게 얼마나 괴롭겠어
신사장 이제 행복하면 좋겠다
준이도 하늘에서 아빠잘지내는걸 보고싶을겁니다😢",2025-10-27T13:11:15Z,2
VVwtGM72v8A,[#신사장프로젝트] 15년 전 그날에 멈춘 아들의 시간... 마침내 진실을 밝힌 한석규🥹,Clip,Ugzlw_GH6iemtyvtH8Z4AaABAg,,0,@Diggle,"주먹의 시대는 끝났다👊
데미지 MAX '말빨'로 승부한다💥

믿고 보는 배우 한석규의 사이다 협상극

〈신사장 프로젝트〉 
[월화] 저녁 8:50 방송 | tvN

#tvN #신사장프로젝트 #ShinsProject
#한석규 #배현성 #이레
#같이달려tvN #스트리밍은TVING",2025-10-28T00:18:50Z,2
VVwtGM72v8A,[#신사장프로젝트] 15년 전 그날에 멈춘 아들의 시간... 마침내 진실을 밝힌 한석규🥹,Clip,UgyZqr1fQ_yvHqFOcnJ4AaABAg,,0,@우유바나너,여기도 연기 다 잘해서 끝까지 몰입해 본 드라마,2025-10-28T18:33:12Z,1
VVwtGM72v8A,[#신사장프로젝트] 15년 전 그날에 멈춘 아들의 시간... 마침내 진실을 밝힌 한석규🥹,Clip,UgzVfV0WMB4KOqLYCcV4AaABAg,,0,@02monji,"연기 진짜 리얼이다~
강제 약물주입 당해 연기히는 것 같아😂 이분 연말에 상 주세요~❤",2025-10-28T10:58:34Z,3
VVwtGM72v8A,[#신사장프로젝트] 15년 전 그날에 멈춘 아들의 시간... 마침내 진실을 밝힌 한석규🥹,Clip,UgzzbxU_tHlbiSTLeOp4AaABAg,,0,@은하-n6y,난 왜 우리아빠랑은 저런 기억조차 없는거지.....,2025-10-28T10:04:31Z,1
JhiCNEdh6Ng,[M/V] 김준석 - 신사장 프로젝트 :: 신사장 프로젝트(Shin's Project) OST Special,Clip,UgzNZ6xVZD0u1Qkq9Vp4AaABAg,,0,@lee122-e4h,👍👍👍👍👍,2025-10-28T08:31:42Z,0
crnR5yFLypA,병원장의 실체를 밝혀라! 신사장 팀의 완벽 공조 #신사장프로젝트 EP.11 | tvN 251027 방송,Clip,UgzO_R9zsEQ3N9uXAB94AaABAg,,0,@tvNDRAMA_official,"[신사장 프로젝트] 지금 티빙에서!
https://www.tving.com/contents/P001775535

전 레전드 협상가, 현 치킨집 사장? 미스터리한 비밀을 가진 신사장이 편법과 준법을 넘나들며 사건을 해결하고 정의를 구현해 내는 분쟁 해결 히어로 드라마

tvN [신사장 프로젝트]
10/28 [화] 저녁 8:50 최종화 방송",2025-10-28T01:36:04Z,0
2MEI0GGLgdY,[#신사장프로젝트] 살인을 주도하고 전혀 반성 없는 병원장에 완전히 이성 잃은 한석규ㄷㄷ | #번개클립,Clip,Ugx1gUyQji9oKc5x0Ch4AaABAg,,0,@tvNDENT,"주먹의 시대는 끝났다👊
데미지 MAX '말빨'로 승부한다💥

믿고 보는 배우 한석규의 사이다 협상극

〈신사장 프로젝트〉",2025-10-28T00:25:32Z,1
2MEI0GGLgdY,[#신사장프로젝트] 살인을 주도하고 전혀 반성 없는 병원장에 완전히 이성 잃은 한석규ㄷㄷ | #번개클립,Clip,Ugwhl3in7D3ksr4Cuqt4AaABAg,,0,@야차왕차윤열,여긴 내가 만든 내 세상이야!,2025-10-27T16:37:07Z,1
-pIlzpONxUk,[#신사장프로젝트] 폐업하고 도망간 헬스장 사기꾼도 신사장한테 걸리면 참교육 엔딩^^ | #번개클립,Clip,UgynhmWPK14FDcd1Rm94AaABAg,,0,@tvNDENT,"주먹의 시대는 끝났다👊
데미지 MAX '말빨'로 승부한다💥

믿고 보는 배우 한석규의 사이다 협상극

〈신사장 프로젝트〉 
[월화] 저녁 8:50 방송 | tvN",2025-10-27T00:18:28Z,0
-pIlzpONxUk,[#신사장프로젝트] 폐업하고 도망간 헬스장 사기꾼도 신사장한테 걸리면 참교육 엔딩^^ | #번개클립,Clip,UgzqhdNKa0bDHQ2jBjl4AaABAg,,0,@diar_wi,학씨 아죠씨... 이런 역이 너무 잘 어울리네요...,2025-10-27T15:20:54Z,0
zspiZ13PQ5E,[#신사장프로젝트] 드디어 밝혀지는 그날의 진실 | #산지직송,Clip,Ugx0clMNg-FiyOSo4nl4AaABAg,,0,@DiggleClassic,"주먹의 시대는 끝났다👊
데미지 MAX '말빨'로 승부한다💥

믿고 보는 배우 한석규의 사이다 협상극

〈신사장 프로젝트〉 
[월화] 저녁 8:50 방송 | tvN",2025-10-28T00:23:31Z,0
zspiZ13PQ5E,[#신사장프로젝트] 드디어 밝혀지는 그날의 진실 | #산지직송,Clip,Ugy57c-Q0tALf321XYV4AaABAg,,0,@오금석-p7r,한석규연기멋있다,2025-10-29T23:44:02Z,0
zspiZ13PQ5E,[#신사장프로젝트] 드디어 밝혀지는 그날의 진실 | #산지직송,Clip,UgzXkefm61Pey0XQKRl4AaABAg,,0,@하루고양이-w9i,그래서왜죽이고다닌거야저의사놈이,2025-10-27T18:57:42Z,0
zspiZ13PQ5E,[#신사장프로젝트] 드디어 밝혀지는 그날의 진실 | #산지직송,Clip,Ugz7oe8uT0mdOzfXSH94AaABAg,,0,@ebony1473,Name of this drama please and where can I watch? Thank you,2025-10-27T17:31:47Z,1
q0G_S25UVeg,[#신사장프로젝트] 교도소에서 재회한 살인범?!😨 호화 생활 누리다가 결국 끔찍한 최후 맞은 병원장 | #번개클립,Clip,Ugzl7I0A4_H3xluMe7N4AaABAg,,0,@조아야영원히기억할께,혹시 초밥 가지고 들어온 변호사인지 검사인지 역할한 배우 가수 이기찬인가?,2025-10-30T02:45:32Z,0
q0G_S25UVeg,[#신사장프로젝트] 교도소에서 재회한 살인범?!😨 호화 생활 누리다가 결국 끔찍한 최후 맞은 병원장 | #번개클립,Clip,UgzSwagKGtgJdJid4Yt4AaABAg,,0,@리엘타로-s9p,내 방식이 시원하지 다 쓸어버려,2025-10-29T16:30:00Z,0
q0G_S25UVeg,[#신사장프로젝트] 교도소에서 재회한 살인범?!😨 호화 생활 누리다가 결국 끔찍한 최후 맞은 병원장 | #번개클립,Clip,Ugzmo0mdLs66_awirO54AaABAg,,0,@리엘타로-s9p,C8,2025-10-29T16:29:29Z,0
q0G_S25UVeg,[#신사장프로젝트] 교도소에서 재회한 살인범?!😨 호화 생활 누리다가 결국 끔찍한 최후 맞은 병원장 | #번개클립,Clip,Ugxxld7OpzoZkwqQ-7N4AaABAg,,0,@김수진-q5r8j,병원장이 편지보낸 사람은 누구지??,2025-10-29T08:43:20Z,0
q0G_S25UVeg,[#신사장프로젝트] 교도소에서 재회한 살인범?!😨 호화 생활 누리다가 결국 끔찍한 최후 맞은 병원장 | #번개클립,Clip,UgwlR8cO1ImQ8P08Sb54AaABAg,,0,@어미새-h3c,"범죄자가 높은 자리에 올라가
있으니  신나서 더 찐한 범죄를 각본하고 있지",2025-10-29T06:51:16Z,1
q0G_S25UVeg,[#신사장프로젝트] 교도소에서 재회한 살인범?!😨 호화 생활 누리다가 결국 끔찍한 최후 맞은 병원장 | #번개클립,Clip,Ugw7MJTa8MKM9mBaN5J4AaABAg,,0,@호크아이-y2m,갈등 TF팀이 법원에서 활약하는 시즌 2가즈아 ~~~,2025-10-29T02:27:25Z,6
q0G_S25UVeg,[#신사장프로젝트] 교도소에서 재회한 살인범?!😨 호화 생활 누리다가 결국 끔찍한 최후 맞은 병원장 | #번개클립,Clip,UgxyzXCD-W1X2utnTTV4AaABAg,,0,@user-vo1uf6cg4w,딱ᆢ시즌2 ᆢ기대합니다ᆢ완벽하게 뒤를. 이을수있는 스타일ᆢ♡♡기다릴께요ᆢ,2025-10-29T01:21:34Z,8
q0G_S25UVeg,[#신사장프로젝트] 교도소에서 재회한 살인범?!😨 호화 생활 누리다가 결국 끔찍한 최후 맞은 병원장 | #번개클립,Clip,Ugw6DRQr2hKfqFbcXSh4AaABAg,,0,@rainbowmoon1076,병원원장 최후 사이다각,2025-10-29T01:14:21Z,6
q0G_S25UVeg,[#신사장프로젝트] 교도소에서 재회한 살인범?!😨 호화 생활 누리다가 결국 끔찍한 최후 맞은 병원장 | #번개클립,Clip,UgxYkTa25ciferUse3V4AaABAg,,0,@rkfpdh-c2p,요샌 드라마마다 피가 없으면 시청률이 안나오나봐요 ㅠㅠ 이러니 사람들이 잔혹함에 무뎌지는거같습니다......,2025-10-29T00:30:57Z,22
q0G_S25UVeg,[#신사장프로젝트] 교도소에서 재회한 살인범?!😨 호화 생활 누리다가 결국 끔찍한 최후 맞은 병원장 | #번개클립,Clip,UgxKtg4Z5ibpk07XKIh4AaABAg,,0,@godofjune,시발뇬 따묵고싶다,2025-10-28T22:54:06Z,0
q0G_S25UVeg,[#신사장프로젝트] 교도소에서 재회한 살인범?!😨 호화 생활 누리다가 결국 끔찍한 최후 맞은 병원장 | #번개클립,Clip,Ugyc9vFLMvS3N3XnQx14AaABAg,,0,@임봉본,죄다 윤석열이네.호화접대.술.회,2025-10-28T22:41:27Z,15
q0G_S25UVeg,[#신사장프로젝트] 교도소에서 재회한 살인범?!😨 호화 생활 누리다가 결국 끔찍한 최후 맞은 병원장 | #번개클립,Clip,UgzjI3zjG8IquZxGoy94AaABAg,,0,@김디젤-t2m,기찬이형이 왜 여기서 나와...,2025-10-28T21:33:16Z,6
q0G_S25UVeg,[#신사장프로젝트] 교도소에서 재회한 살인범?!😨 호화 생활 누리다가 결국 끔찍한 최후 맞은 병원장 | #번개클립,Clip,Ugy38wddz4an5LBL4SB4AaABAg,,0,@mm-t9l,초밥에 소주 깍,2025-10-28T21:23:25Z,0
q0G_S25UVeg,[#신사장프로젝트] 교도소에서 재회한 살인범?!😨 호화 생활 누리다가 결국 끔찍한 최후 맞은 병원장 | #번개클립,Clip,UgxqBjCmIHLy5OM-hMN4AaABAg,,0,@wakiyamapbrian,이것도 사고라고 말해봐라,2025-10-28T20:47:55Z,3
FBc8RQhPXfQ,"[#신사장프로젝트] 9-10화 요약 | 15년 전 아들을 죽인 평생의 원수, 살인범의 배후를 찾은 신사장😠 | #번개클립",Clip,Ugz6-AFyIiImtTIFxEZ4AaABAg,,0,@tvNDENT,"주먹의 시대는 끝났다👊
데미지 MAX '말빨'로 승부한다💥

믿고 보는 배우 한석규의 사이다 협상극

〈신사장 프로젝트〉 
[월화] 저녁 8:50 방송 | tvN",2025-10-27T00:19:01Z,0
PILr4T_QkSI,[#신사장프로젝트] 생각지도 못한 살인자와 병원장 조합ㄷㄷ | #산지직송,Clip,UgwYFZI3kZM6mvcZx-p4AaABAg,,0,@DiggleClassic,"주먹의 시대는 끝났다👊
데미지 MAX '말빨'로 승부한다💥

믿고 보는 배우 한석규의 사이다 협상극

〈신사장 프로젝트〉 
[월화] 저녁 8:50 방송 | tvN",2025-10-27T06:59:53Z,0
3bWf0R5k0Bc,[#신사장프로젝트] 잠자는 사자의 코털을 건드렸다..🔥 드디어 완전히 흑화한 신사장 | #번개클립,Clip,Ugx0tdNtxrqebKhjDHZ4AaABAg,,0,@tvNDENT,"주먹의 시대는 끝났다👊
데미지 MAX '말빨'로 승부한다💥

믿고 보는 배우 한석규의 사이다 협상극

〈신사장 프로젝트〉 
[월화] 저녁 8:50 방송 | tvN",2025-10-27T00:18:46Z,0
zFvDeZ36tvM,[#신사장프로젝트] 눈에서 정의의 광기가 보인다..🔥 사기꾼 선배 변호사 참교육하는 배현성ㄷㄷ | #번개클립,Clip,UgyRqMp9R0AeuPcxBtt4AaABAg,,0,@tvNDENT,"주먹의 시대는 끝났다👊
데미지 MAX '말빨'로 승부한다💥

믿고 보는 배우 한석규의 사이다 협상극

〈신사장 프로젝트〉 
[월화] 저녁 8:50 방송 | tvN",2025-10-27T00:13:53Z,0
4-bfYPFCR-s,"[신입 엔딩] TF팀 면접 보러 온 김동준, 여전한 신사장 팀의 하루! #신사장프로젝트 EP.12 | tvN 251028 방송",Clip,UgxnunbDDLeg1Y02rKR4AaABAg,,0,@tvNDRAMA_official,"[신사장 프로젝트] 지금 티빙에서!
https://www.tving.com/contents/P001775535

전 레전드 협상가, 현 치킨집 사장? 미스터리한 비밀을 가진 신사장이 편법과 준법을 넘나들며 사건을 해결하고 정의를 구현해 내는 분쟁 해결 히어로 드라마

tvN [신사장 프로젝트]",2025-10-29T01:27:41Z,0
4-bfYPFCR-s,"[신입 엔딩] TF팀 면접 보러 온 김동준, 여전한 신사장 팀의 하루! #신사장프로젝트 EP.12 | tvN 251028 방송",Clip,UgxIYCIL7TreEgUZH1N4AaABAg,,0,@겨울-happy,"집처럼 편한 치킨집ㅋㅋㅋㅋ
시즌2 나왔으면 좋겠네요...🥺",2025-10-28T13:38:18Z,3
4-bfYPFCR-s,"[신입 엔딩] TF팀 면접 보러 온 김동준, 여전한 신사장 팀의 하루! #신사장프로젝트 EP.12 | tvN 251028 방송",Clip,UgwAdERq_mDej5Jktmd4AaABAg,,0,@hc0059,시즌2 나오자 제발✨✨✨,2025-10-28T13:37:07Z,2
4-bfYPFCR-s,"[신입 엔딩] TF팀 면접 보러 온 김동준, 여전한 신사장 팀의 하루! #신사장프로젝트 EP.12 | tvN 251028 방송",Clip,UgzLZ1ivi-f5exdyS714AaABAg,,0,@첫눈처럼야경,신사장 프로젝트 시즌2 당장 추진해주세요 재미있게 봤는데,2025-10-28T12:57:52Z,9
4-bfYPFCR-s,"[신입 엔딩] TF팀 면접 보러 온 김동준, 여전한 신사장 팀의 하루! #신사장프로젝트 EP.12 | tvN 251028 방송",Clip,UgyR5ynpeLnkIH0bpb94AaABAg,,0,@sunghopark9035,1,2025-10-28T12:54:27Z,2
lcDgaKsVi7A,[스페셜 선공개] 시온이 앞에선 리액션 부자🤗 VS 필립이 앞에선 시큰둥🥱 극과 극 쇼핑 나들이🛍 #신사장프로젝트 EP.11,Clip,UgxYG4aBq6Eqi04BygV4AaABAg,,0,@tvNDRAMA_official,"[신사장 프로젝트] 지금 티빙에서!
https://www.tving.com/contents/P001775535

전 레전드 협상가, 현 치킨집 사장? 미스터리한 비밀을 가진 신사장이 편법과 준법을 넘나들며 사건을 해결하고 정의를 구현해 내는 분쟁 해결 히어로 드라마

tvN [신사장 프로젝트]
[월화] 저녁 8:50 방송",2025-10-27T01:40:20Z,0
lcDgaKsVi7A,[스페셜 선공개] 시온이 앞에선 리액션 부자🤗 VS 필립이 앞에선 시큰둥🥱 극과 극 쇼핑 나들이🛍 #신사장프로젝트 EP.11,Clip,UgzKL96yJmM52CGVMBl4AaABAg,,0,@chanstime765,"11화 미리보기 

신사장을 죽이려 접근한 윤동희는 
되려 신사장에게 붙잡혀 어딘가로 옮겨진다. 
지난 15년간 이날만을 기다리고 
또 기다려온 신사장. 
한편, 신사장의 집을 찾은 필립과 
시온, 최철은 위험을 감지한다.
그때 신사장의 전화가 걸려 오고, 
신사장은 필립에게 자신의 
협상 대리인이 되어줄 것을 부탁한다.
아들의 죽음을 둘러싼 진실을 밝히기 위해, 
오랜 분노와 슬픔을 담은 
신사장의 작전이 시작된다.",2025-10-29T01:46:15Z,0
lcDgaKsVi7A,[스페셜 선공개] 시온이 앞에선 리액션 부자🤗 VS 필립이 앞에선 시큰둥🥱 극과 극 쇼핑 나들이🛍 #신사장프로젝트 EP.11,Clip,UgwQGEagf0blEpnN6Zt4AaABAg,,0,@우재성-g7m,"시온이.낙하산.참신선하네요
화면에서자주만나요❤",2025-10-28T03:21:59Z,0
lcDgaKsVi7A,[스페셜 선공개] 시온이 앞에선 리액션 부자🤗 VS 필립이 앞에선 시큰둥🥱 극과 극 쇼핑 나들이🛍 #신사장프로젝트 EP.11,Clip,UgxdiV5JVHgWo_vD3t94AaABAg,,0,@Zuchctztscuv,딸바보 신재인 ㅋㅋㅋㅋㅋㅋㅋㅋㅋㅋㅋㅋ,2025-10-27T05:43:06Z,1
lcDgaKsVi7A,[스페셜 선공개] 시온이 앞에선 리액션 부자🤗 VS 필립이 앞에선 시큰둥🥱 극과 극 쇼핑 나들이🛍 #신사장프로젝트 EP.11,Clip,UgypB4pdqZS1qP4lUvR4AaABAg,,0,@민지-w7x,"너무 재밌어요
역~~쉬",2025-10-26T21:24:42Z,0
lcDgaKsVi7A,[스페셜 선공개] 시온이 앞에선 리액션 부자🤗 VS 필립이 앞에선 시큰둥🥱 극과 극 쇼핑 나들이🛍 #신사장프로젝트 EP.11,Clip,Ugz8gA9CKIjmBgFdaF54AaABAg,,0,@병-l6r,마네킹표정 ㅋㅋㅋㅋ,2025-10-24T05:57:32Z,0
lcDgaKsVi7A,[스페셜 선공개] 시온이 앞에선 리액션 부자🤗 VS 필립이 앞에선 시큰둥🥱 극과 극 쇼핑 나들이🛍 #신사장프로젝트 EP.11,Clip,UgyRyG5V__KRrv0MAXh4AaABAg,,0,@김깜찍이-g6n,시온이가 옷을 입을 때는 신사장은 리액션 해주고 필립이가 옷을 입을 때는 안 해주네 거기다가 필립이만 빼고 아이스크림 먹고,2025-10-24T01:30:45Z,6
lcDgaKsVi7A,[스페셜 선공개] 시온이 앞에선 리액션 부자🤗 VS 필립이 앞에선 시큰둥🥱 극과 극 쇼핑 나들이🛍 #신사장프로젝트 EP.11,Clip,Ugy-aaJx5VxzYQcLtgd4AaABAg,,0,@ccoccomeng,뜨~알기 마스로 살걸 그래따~ 😊,2025-10-24T01:29:00Z,6
lcDgaKsVi7A,[스페셜 선공개] 시온이 앞에선 리액션 부자🤗 VS 필립이 앞에선 시큰둥🥱 극과 극 쇼핑 나들이🛍 #신사장프로젝트 EP.11,Clip,UgwgQZnUg1x9icE6l3x4AaABAg,,0,@컴온-p2g-e4c,처음에 참 재미있었는데... 작가가 한석규를 이렇게밖에 못쓰네,2025-10-24T01:07:01Z,2
lcDgaKsVi7A,[스페셜 선공개] 시온이 앞에선 리액션 부자🤗 VS 필립이 앞에선 시큰둥🥱 극과 극 쇼핑 나들이🛍 #신사장프로젝트 EP.11,Clip,Ugx68pRAIhSZ1xkEiyV4AaABAg,,0,@겨울-happy,"아부지ㅋㅋㅋㅋㅋㅋㅋㅋㅋ 
시온이 옷을 고를 때 반응 잘해주시는데 아들은ㅋㅋㅋㅋㅋㅋㅋㅋ",2025-10-23T23:58:47Z,15
lcDgaKsVi7A,[스페셜 선공개] 시온이 앞에선 리액션 부자🤗 VS 필립이 앞에선 시큰둥🥱 극과 극 쇼핑 나들이🛍 #신사장프로젝트 EP.11,Clip,Ugzjhu3A2R7H3JOkqKx4AaABAg,,0,@jetlee710,아까 그 미니 투피스 사러 가는구나.,2025-10-23T23:43:49Z,8
lcDgaKsVi7A,[스페셜 선공개] 시온이 앞에선 리액션 부자🤗 VS 필립이 앞에선 시큰둥🥱 극과 극 쇼핑 나들이🛍 #신사장프로젝트 EP.11,Clip,UgxpBsm7-wPpKPO6RuR4AaABAg,,0,@첫눈처럼야경,"신사장 시온이 앞에 리액션 부자 이지만
필립이 앞에서 시큰둥 극과 극이네요 ㅋㅋㅋ",2025-10-23T23:31:41Z,14
sWv861WWbQ4,[#신사장프로젝트] 당당히 신설된 갈등 조정 TF팀✨ 신사장 프로젝트는 앞으로도 계속된다!😄,Clip,UgwNpd_yt_PqHr-1nlp4AaABAg,,0,@Diggle,"주먹의 시대는 끝났다👊
데미지 MAX '말빨'로 승부한다💥

믿고 보는 배우 한석규의 사이다 협상극

〈신사장 프로젝트〉 tvN

#tvN #신사장프로젝트 #ShinsProject
#한석규 #배현성 #이레
#같이달려tvN #스트리밍은TVING",2025-10-29T02:21:50Z,0
sWv861WWbQ4,[#신사장프로젝트] 당당히 신설된 갈등 조정 TF팀✨ 신사장 프로젝트는 앞으로도 계속된다!😄,Clip,Ugz-nyEikog2lZeKG8h4AaABAg,,0,@LisaJung-o8i,AI로 인해 제일 먼저 없어져야할 직업은 판사.  AI 에 물어보는게 더 공정,2025-10-30T00:50:05Z,0
sWv861WWbQ4,[#신사장프로젝트] 당당히 신설된 갈등 조정 TF팀✨ 신사장 프로젝트는 앞으로도 계속된다!😄,Clip,UgyEerVO4ez-s13bbqF4AaABAg,,0,@dwkim7038,"요즘은 돈이 있고 없고가 아니라 이념이 좌편향이면 무죄, 아니면 유죄! 이거 아닌가?",2025-10-29T02:27:59Z,0
sWv861WWbQ4,[#신사장프로젝트] 당당히 신설된 갈등 조정 TF팀✨ 신사장 프로젝트는 앞으로도 계속된다!😄,Clip,UgyZL0HvEncrGEc-_Hl4AaABAg,,0,@hahyun06,이렇게 잼있는 드라마를 늦게 봤네여.,2025-10-28T21:06:47Z,0
B5dfXBce3Yc,"범인을 죽이려는 병원장, 드러난 살인의 전말 #신사장프로젝트 EP.11 | tvN 251027 방송",Clip,UgyWjIQdSusQugEm5BF4AaABAg,,0,@tvNDRAMA_official,"[신사장 프로젝트] 지금 티빙에서!
https://www.tving.com/contents/P001775535

전 레전드 협상가, 현 치킨집 사장? 미스터리한 비밀을 가진 신사장이 편법과 준법을 넘나들며 사건을 해결하고 정의를 구현해 내는 분쟁 해결 히어로 드라마

tvN [신사장 프로젝트]
10/28 [화] 저녁 8:50 최종화 방송",2025-10-28T01:36:13Z,0
B5dfXBce3Yc,"범인을 죽이려는 병원장, 드러난 살인의 전말 #신사장프로젝트 EP.11 | tvN 251027 방송",Clip,Ugx1GQqczXDfjcg9gSV4AaABAg,,0,@정선애-u2r,이런 놈들이 마니있는 세상,2025-10-28T06:15:22Z,0
B5dfXBce3Yc,"범인을 죽이려는 병원장, 드러난 살인의 전말 #신사장프로젝트 EP.11 | tvN 251027 방송",Clip,UgxXZxbK_v9oK0iRVrd4AaABAg,,0,@SON-rn8ug,이도 정인지 환생 뿌리깊은나무 이후 14년만에 투샷연기,2025-10-27T14:03:52Z,1
B5dfXBce3Yc,"범인을 죽이려는 병원장, 드러난 살인의 전말 #신사장프로젝트 EP.11 | tvN 251027 방송",Clip,UgwRByeNBCm7p_fyzT94AaABAg,,0,@abcddcba5312,뭐야 돈도 안주고 시킨거야?,2025-10-27T12:53:29Z,3
fdzwgMz6iNI,[#신사장프로젝트] 그저 도박에 쓸 돈을 위해... 딸을 위험으로 내몰기까지 했던 아빠😧,Clip,Ugz8ly-V1Xt6wgbsB-Z4AaABAg,,0,@Diggle,"주먹의 시대는 끝났다👊
데미지 MAX '말빨'로 승부한다💥

믿고 보는 배우 한석규의 사이다 협상극

〈신사장 프로젝트〉 
[월화] 저녁 8:50 방송 | tvN

#tvN #신사장프로젝트 #ShinsProject
#한석규 #배현성 #이레
#같이달려tvN #스트리밍은TVING",2025-10-27T00:19:09Z,0
RFKkGdCcXTQ,[#신사장프로젝트] 낙하산이 한 명 더 늘었다;;; | #산지직송,Clip,UgwB4Q0-MkgiTeFXEOR4AaABAg,,0,@DiggleClassic,"주먹의 시대는 끝났다👊
데미지 MAX '말빨'로 승부한다💥

믿고 보는 배우 한석규의 사이다 협상극

〈신사장 프로젝트〉",2025-10-29T00:17:41Z,0
RFKkGdCcXTQ,[#신사장프로젝트] 낙하산이 한 명 더 늘었다;;; | #산지직송,Clip,UgwORgLi6RXz3utZ_Qd4AaABAg,,0,@吳宿涯,😮😢,2025-10-28T20:17:18Z,0
ZwN98gF5BhU,[#신사장프로젝트] 어디서 구린 냄새가 난다...⚡ 수상한 낌새 귀신같이 눈치채는 한석규🤨,Clip,UgxtiMwSZoGPB8hQ-d94AaABAg,,0,@Diggle,"주먹의 시대는 끝났다👊
데미지 MAX '말빨'로 승부한다💥

믿고 보는 배우 한석규의 사이다 협상극

〈신사장 프로젝트〉 
[월화] 저녁 8:50 방송 | tvN

#tvN #신사장프로젝트 #ShinsProject
#한석규 #배현성 #이레
#같이달려tvN #스트리밍은TVING",2025-10-27T00:17:16Z,0
QEsYX96Vtuw,[#신사장프로젝트] 끔찍한 흉악범을 조종했던 충격적인 배후의 정체는...?! | #번개클립,Clip,UgyFDWtSkOgL5YWDrC94AaABAg,,0,@tvNDENT,"주먹의 시대는 끝났다👊
데미지 MAX '말빨'로 승부한다💥

믿고 보는 배우 한석규의 사이다 협상극

〈신사장 프로젝트〉 
[월화] 저녁 8:50 방송 | tvN",2025-10-27T00:13:32Z,0
wdxiSyq7UCs,미국 다녀온 한석규★ 컴백하자마자 사건 해결하는 팀워크 #신사장프로젝트 EP.12 | tvN 251028 방송,Clip,Ugw3BElZYBr8Q7K7vR54AaABAg,,0,@tvNDRAMA_official,"[신사장 프로젝트] 지금 티빙에서!
https://www.tving.com/contents/P001775535

전 레전드 협상가, 현 치킨집 사장? 미스터리한 비밀을 가진 신사장이 편법과 준법을 넘나들며 사건을 해결하고 정의를 구현해 내는 분쟁 해결 히어로 드라마

tvN [신사장 프로젝트]",2025-10-29T01:26:51Z,0
ptz9mUXCTY8,[#신사장프로젝트] 계속 말하다 보면 상대는 흔들리게 되어 이쒀~ | #산지직송,Clip,Ugxkf2jLxjjWTZt3fhZ4AaABAg,,0,@DiggleClassic,"주먹의 시대는 끝났다👊
데미지 MAX '말빨'로 승부한다💥

믿고 보는 배우 한석규의 사이다 협상극

〈신사장 프로젝트〉 
[월화] 저녁 8:50 방송 | tvN",2025-10-27T06:59:39Z,0
ptz9mUXCTY8,[#신사장프로젝트] 계속 말하다 보면 상대는 흔들리게 되어 이쒀~ | #산지직송,Clip,Ugy9Vg7Kgj5M8OTG-yp4AaABAg,,0,@abcomg7206,여주 얼핏 카즈하 느낌이네,2025-10-24T21:51:24Z,0
r7kP9pJn9Fk,필립이 작별 인사드려요👋🏻 배현성 ⟨신사장 프로젝트⟩ 마지막 이야기,Clip,UgwNnmfAfQqISTF3SpJ4AaABAg,,0,@구독-j7x,배현성님 첫회부터 최종회까지 잘봤어요 다음 작품으로 찾아오길 기다릴께요❤,2025-10-29T11:37:57Z,0
r7kP9pJn9Fk,필립이 작별 인사드려요👋🏻 배현성 ⟨신사장 프로젝트⟩ 마지막 이야기,Clip,Ugx6TLLxNg0a2UxRwEZ4AaABAg,,0,@cloverr_kr,필립이 잘 봤습니다!! 배현성 배우님의 다음 작품도 기대하겠습니다 ㅎㅎ,2025-10-29T01:30:07Z,0
FCYZL1Yi8B4,[메이킹] 한석규 인생 필모 등극👑 최종화까지 열연에 열연을 더하는 팀 신사장의 마지막 순간 공개💯 | 11-최종화 비하인드 #신사장프로젝트 EP.12,Clip,UgzjR1O4sPc9mJAdX7p4AaABAg,,0,@tvNDRAMA_official,"[신사장 프로젝트] 지금 티빙에서!
https://www.tving.com/contents/P001775535

전 레전드 협상가, 현 치킨집 사장? 미스터리한 비밀을 가진 신사장이 편법과 준법을 넘나들며 사건을 해결하고 정의를 구현해 내는 분쟁 해결 히어로 드라마

tvN [신사장 프로젝트]",2025-10-29T01:28:37Z,3
FCYZL1Yi8B4,[메이킹] 한석규 인생 필모 등극👑 최종화까지 열연에 열연을 더하는 팀 신사장의 마지막 순간 공개💯 | 11-최종화 비하인드 #신사장프로젝트 EP.12,Clip,UgydjlfGZVgRgudX9mx4AaABAg,,0,@호크아이-y2m,드라마 완성하느라 고생하셨습니다 짝짝짝~~~,2025-10-30T03:41:00Z,0
FCYZL1Yi8B4,[메이킹] 한석규 인생 필모 등극👑 최종화까지 열연에 열연을 더하는 팀 신사장의 마지막 순간 공개💯 | 11-최종화 비하인드 #신사장프로젝트 EP.12,Clip,Ugy2TgCqpDWk_Qshbft4AaABAg,,0,@Scholar-i6v,4:40 💫🤍🖤💫 cute and heartwarming .,2025-10-29T06:18:26Z,0
FCYZL1Yi8B4,[메이킹] 한석규 인생 필모 등극👑 최종화까지 열연에 열연을 더하는 팀 신사장의 마지막 순간 공개💯 | 11-최종화 비하인드 #신사장프로젝트 EP.12,Clip,UgzXU3Nip2HsGJfhicV4AaABAg,,0,@조준익-o2e,김사부처럼 프로젝트시리즈 나왔음 좋겠습니다,2025-10-29T06:01:56Z,9
FCYZL1Yi8B4,[메이킹] 한석규 인생 필모 등극👑 최종화까지 열연에 열연을 더하는 팀 신사장의 마지막 순간 공개💯 | 11-최종화 비하인드 #신사장프로젝트 EP.12,Clip,UgwBtWAF2tY6STnFysZ4AaABAg,,0,@겨울-happy,"신사장 프로젝트 드라마 벌써 끝났어ㅠㅠㅠ
더할 나위 없이 진심으로 행복했습니다🥺

우리 통닭집 가족들 늘 행복한 일들만 가득하시길 바랍니다!🍀💕",2025-10-29T05:16:31Z,7
FCYZL1Yi8B4,[메이킹] 한석규 인생 필모 등극👑 최종화까지 열연에 열연을 더하는 팀 신사장의 마지막 순간 공개💯 | 11-최종화 비하인드 #신사장프로젝트 EP.12,Clip,Ugzkfal1qC0R67EYG794AaABAg,,0,@장형근-t1n,배현성씨 이레씨 화이팅.신사장 프로젝트 드라마 화이팅.,2025-10-29T05:10:16Z,0
FCYZL1Yi8B4,[메이킹] 한석규 인생 필모 등극👑 최종화까지 열연에 열연을 더하는 팀 신사장의 마지막 순간 공개💯 | 11-최종화 비하인드 #신사장프로젝트 EP.12,Clip,UgyVPNVqPd1qw8RVE2B4AaABAg,,0,@FarihahAmirah,Gonna miss you Shin Sajang. goodbye Shin Sajang. goodbye Shin Jae Yi. 🤧🙏🤧,2025-10-29T02:45:26Z,3
FCYZL1Yi8B4,[메이킹] 한석규 인생 필모 등극👑 최종화까지 열연에 열연을 더하는 팀 신사장의 마지막 순간 공개💯 | 11-최종화 비하인드 #신사장프로젝트 EP.12,Clip,UgwQAeCNYGH13vzZn0V4AaABAg,,0,@모모썸,우잉 신사장 치킨가좍 모두 행복하거라,2025-10-29T01:54:39Z,4
FCYZL1Yi8B4,[메이킹] 한석규 인생 필모 등극👑 최종화까지 열연에 열연을 더하는 팀 신사장의 마지막 순간 공개💯 | 11-최종화 비하인드 #신사장프로젝트 EP.12,Clip,UgyoRPOKYEAtG_ihdF94AaABAg,,0,@김민정-b8i7i,샤랄라 시온 너무 이쁨뿜뿜 🩷🩷원피스,2025-10-29T00:18:05Z,0
FCYZL1Yi8B4,[메이킹] 한석규 인생 필모 등극👑 최종화까지 열연에 열연을 더하는 팀 신사장의 마지막 순간 공개💯 | 11-최종화 비하인드 #신사장프로젝트 EP.12,Clip,Ugw22EELkvyPq79FAI14AaABAg,,0,@김민정-b8i7i,시온🩷필립 귀염뽀짝 커플 못보내 🥹🥹🥹,2025-10-29T00:16:36Z,1
FCYZL1Yi8B4,[메이킹] 한석규 인생 필모 등극👑 최종화까지 열연에 열연을 더하는 팀 신사장의 마지막 순간 공개💯 | 11-최종화 비하인드 #신사장프로젝트 EP.12,Clip,UgzsmzS_67cJBbNqa3h4AaABAg,,0,@김민정-b8i7i,쏘스윗 조필립 🩷🩷🩷,2025-10-29T00:15:35Z,0
FCYZL1Yi8B4,[메이킹] 한석규 인생 필모 등극👑 최종화까지 열연에 열연을 더하는 팀 신사장의 마지막 순간 공개💯 | 11-최종화 비하인드 #신사장프로젝트 EP.12,Clip,Ugz3Zkf8IrvINcZg4V94AaABAg,,0,@첫눈처럼야경,"신사장 프로젝트
한석규 배현성 이레 이대로 못 보내
12회까지 본방사수 해서 행복했습니다",2025-10-29T00:07:34Z,2
tuzNC42u5KY,전세계 이병 오랜만이야🥹ㅣTVINGㅣ#신사장프로젝트 #ShinsProject,Shorts,UgxW2CNlNfajKrO-Vu54AaABAg,,0,@연주김-x3v,한가인이닷!!,2025-10-30T02:25:24Z,0
Qzx5xoXTw6w,[#신사장프로젝트] 배현성 쓰담쓰담하는 이레 (‪´•ᴗ•`⑅)つ♥ 걱정도 눈 녹듯 사라질 다정한 손길,Clip,UgyImNGWy3Ox9QBWk4Z4AaABAg,,0,@Diggle,"주먹의 시대는 끝났다👊
데미지 MAX '말빨'로 승부한다💥

믿고 보는 배우 한석규의 사이다 협상극

〈신사장 프로젝트〉 
[월화] 저녁 8:50 방송 | tvN

#tvN #신사장프로젝트 #ShinsProject
#한석규 #배현성 #이레
#같이달려tvN #스트리밍은TVING",2025-10-27T00:17:32Z,0
Qzx5xoXTw6w,[#신사장프로젝트] 배현성 쓰담쓰담하는 이레 (‪´•ᴗ•`⑅)つ♥ 걱정도 눈 녹듯 사라질 다정한 손길,Clip,UgzsD4CsPlwOA0iGsdx4AaABAg,,0,@키_작은_꼬마,반하니 많이 컸네,2025-10-24T13:30:23Z,0
odDDzu1cu3Y,[신사장프로젝트 11화 미리보기] 최고의 협상가가 인질이 되는 순간 #tvN#신사장#신재이#한석규,Clip,UgwolEA-jZEb4Y4AtXx4AaABAg,,0,@정선애-u2r,한석규 화이팅입니다 🎉,2025-10-28T06:21:29Z,1
SY3ooIY_u8Q,Lee Re 2013 😍 #shinsproject #leere #thenvsnow #baehyunsung #이레 #netflix #edit #신사장프로젝트,Shorts,UgwNmLkU2BhMibIxVcF4AaABAg,,0,@hisiko661,Double dose poilo?,2025-10-27T15:31:18Z,0
SY3ooIY_u8Q,Lee Re 2013 😍 #shinsproject #leere #thenvsnow #baehyunsung #이레 #netflix #edit #신사장프로젝트,Shorts,UgyknZzkMdkSV02UWvR4AaABAg,,0,@DildoraAshurova-rh2gm,😮😮😮,2025-10-27T08:22:14Z,0
3YW5YHoeXdg,[#신사장프로젝트] 나는 한 번도 잊지 못한 그날이 기억이 안 나?!? | #산지직송,Clip,Ugz_MkFZcgVUOK8ovWd4AaABAg,,0,@DiggleClassic,"주먹의 시대는 끝났다👊
데미지 MAX '말빨'로 승부한다💥

믿고 보는 배우 한석규의 사이다 협상극

〈신사장 프로젝트〉 
[월화] 저녁 8:50 방송 | tvN",2025-10-28T00:23:04Z,0
3YW5YHoeXdg,[#신사장프로젝트] 나는 한 번도 잊지 못한 그날이 기억이 안 나?!? | #산지직송,Clip,UgyDOeuNp0gc3RAoqZh4AaABAg,,0,@드라마소동,진짜 악마의사~~~,2025-10-28T07:33:42Z,0
3YW5YHoeXdg,[#신사장프로젝트] 나는 한 번도 잊지 못한 그날이 기억이 안 나?!? | #산지직송,Clip,UgzwVAydneV3A0uulup4AaABAg,,0,@정선애-u2r,개쓰레기 놈들,2025-10-27T23:26:33Z,0
KiQEQvxKxBw,"[최종화 예고] 분쟁 해결 히어로 신사장의 활약은 계속된다! ""준비해!!"" #신사장프로젝트 EP.12",Shorts,UgzbUd58qWPGhmjLSPp4AaABAg,,0,@tvNDRAMA_official,"[신사장 프로젝트] 지금 티빙에서!
https://www.tving.com/contents/P001775535

전 레전드 협상가, 현 치킨집 사장? 미스터리한 비밀을 가진 신사장이 편법과 준법을 넘나들며 사건을 해결하고 정의를 구현해 내는 분쟁 해결 히어로 드라마

tvN [신사장 프로젝트]
10/28 [화] 저녁 8:50 최종화 방송",2025-10-28T01:38:55Z,0
KiQEQvxKxBw,"[최종화 예고] 분쟁 해결 히어로 신사장의 활약은 계속된다! ""준비해!!"" #신사장프로젝트 EP.12",Shorts,UgwJ-MQOM2GXnXFE96d4AaABAg,,0,@제로아워즈미국특수부,한석규 유퀴즈 출연은 결국 무산되었음을 알려드립니다,2025-10-29T02:48:48Z,0
KiQEQvxKxBw,"[최종화 예고] 분쟁 해결 히어로 신사장의 활약은 계속된다! ""준비해!!"" #신사장프로젝트 EP.12",Shorts,Ugy1SRkdarfvDOyn-Vd4AaABAg,,0,@TV-ob3dy,"신사장 이대로 끝내기아쉽다..ㅠㅠ
시즌2도 나올까요??기대되요!!!🎉😊❤",2025-10-28T03:03:24Z,1
KiQEQvxKxBw,"[최종화 예고] 분쟁 해결 히어로 신사장의 활약은 계속된다! ""준비해!!"" #신사장프로젝트 EP.12",Shorts,UgzcxC3eVQvn0yeCBlJ4AaABAg,,0,@akdrkrdl7818,미라클 투자자 오세현 이미지가 남아있음,2025-10-28T02:27:58Z,0
KiQEQvxKxBw,"[최종화 예고] 분쟁 해결 히어로 신사장의 활약은 계속된다! ""준비해!!"" #신사장프로젝트 EP.12",Shorts,Ugyx4UjrGgjtnx_DG_h4AaABAg,,0,@김깜찍이-g6n,"박혁권 아저씨는 맨날 악역만 맡네
중국집 사장님 축하드립니다🎉🎉🎉🎉 장가 가서 행복하게 사세요^^",2025-10-27T21:42:32Z,0
KiQEQvxKxBw,"[최종화 예고] 분쟁 해결 히어로 신사장의 활약은 계속된다! ""준비해!!"" #신사장프로젝트 EP.12",Shorts,UgxxHUJBPGakjbizpF94AaABAg,,0,@TV-ug8mr,"🌈나 값싼 동정을 바라지 않은 소년의 이야기 ""캐모마일 1, 2권""을 읽어주세요.🌿🇰🇷🎉🎉🎉",2025-10-27T20:54:08Z,1
KiQEQvxKxBw,"[최종화 예고] 분쟁 해결 히어로 신사장의 활약은 계속된다! ""준비해!!"" #신사장프로젝트 EP.12",Shorts,UgyFatdSvuUURwYTUu14AaABAg,,0,@호크아이-y2m,재밌게 봤는데 요새 12부작은 너무 후딱이네요,2025-10-27T16:38:25Z,3
KiQEQvxKxBw,"[최종화 예고] 분쟁 해결 히어로 신사장의 활약은 계속된다! ""준비해!!"" #신사장프로젝트 EP.12",Shorts,UgxlNd5D6bi08CeTHOZ4AaABAg,,0,@박성욱-q5k,"벌써 마지막회라니 아쉽네요 내일도기대할께요 
이레 틈만나면 런닝맨 핑계고 나왔으면 좋겠어요 
한석규님 차기작땐 유퀴즈온더블럭 핑계고 홍보나왔으면 좋겠어요",2025-10-27T14:21:57Z,4
KiQEQvxKxBw,"[최종화 예고] 분쟁 해결 히어로 신사장의 활약은 계속된다! ""준비해!!"" #신사장프로젝트 EP.12",Shorts,Ugwu3NeZQYlBmjdPs3R4AaABAg,,0,@dawn-ko6ty,볼뽀뽀 말고.. 입에 해야지ㅠㅠ 12화 기다린 보람이 없잖아 작감양반들아 혼나야겠다,2025-10-27T14:14:17Z,4
KiQEQvxKxBw,"[최종화 예고] 분쟁 해결 히어로 신사장의 활약은 계속된다! ""준비해!!"" #신사장프로젝트 EP.12",Shorts,Ugylns0nMl5s4XmJd0x4AaABAg,,0,@chanstime765,"최종화 미리보기 

시온의 검정고시 합격과 
장통우의 결혼 소식으로 
후진상가 일대가 들썩인다.
드디어 장통우의 결혼식 날. 
모두 함께 축하해주러 결혼식장을 찾았는데 
반반 결혼을 둘러싼 뜻밖의 갈등으로 
결혼식이 중단될 위기에 처하고 
결국, 원만한 결혼을 위해 신사장이 중재에 나선다. 
한편, 김상근은 갈등 조정 TF, 
<신사장 프로젝트>를 공표하고 
신사장과 필립, 김주무관은 정식으로 한 팀이 된다.",2025-10-27T14:09:15Z,2
KiQEQvxKxBw,"[최종화 예고] 분쟁 해결 히어로 신사장의 활약은 계속된다! ""준비해!!"" #신사장프로젝트 EP.12",Shorts,UgyRXmk4BSpOLV6IATt4AaABAg,,0,@겨울-happy,갈등 조정 TF팀 신사장님과 시온이 필립이 이렇게 되려나!?,2025-10-27T14:01:39Z,6
KiQEQvxKxBw,"[최종화 예고] 분쟁 해결 히어로 신사장의 활약은 계속된다! ""준비해!!"" #신사장프로젝트 EP.12",Shorts,Ugx4SIblX5KCEdlVQSN4AaABAg,,0,@TheSunbaragi,"최종화 미리보기 

시온의 검정고시 합격과 
장통우의 결혼 소식으로 
후진상가 일대가 들썩인다.
드디어 장통우의 결혼식 날. 
모두 함께 축하해주러 결혼식장을 찾았는데 
반반 결혼을 둘러싼 뜻밖의 갈등으로 
결혼식이 중단될 위기에 처하고 
결국, 원만한 결혼을 위해 신사장이 중재에 나선다. 
한편, 김상근은 갈등 조정 TF, 
<신사장 프로젝트>를 공표하고 
신사장과 필립, 김주무관은 정식으로 한 팀이 된다.",2025-10-27T13:54:16Z,5
KiQEQvxKxBw,"[최종화 예고] 분쟁 해결 히어로 신사장의 활약은 계속된다! ""준비해!!"" #신사장프로젝트 EP.12",Shorts,UgwfNjZNSkfujhKnqLN4AaABAg,,0,@첫눈처럼야경,신사장 프로젝트 이허준을 권신징악 받게 해주세요,2025-10-27T13:36:42Z,6
6lDt-iK5Vms,"tvN 신사장 프로젝트, 시즌2 논의 중 [공식] #shorts #신사장프로젝트 #한석규 #tvN드라마",Shorts,UgyWe9RnBGh4JLBeVuZ4AaABAg,,0,@하이리턴-r4f,"간만에 만난 웰메이드 드라마!
시즌2 기대합니다😂😂😂",2025-10-29T10:25:50Z,2
_fIHb91EWa8,[신사장 프로젝트 11화] 이제부터 네가 내 협상 대리인이야! / 윤동희 죽이러 간다! / #신사장프로젝트 #신사장프로젝트드라마 #K드라마 #액션드라마 #범죄드라마 #스릴러드라마,Clip,UgzLAGFPHi0sJhl4RnJ4AaABAg,,0,@내가만든세상-K84,❤❤❤,2025-10-26T23:56:48Z,1
_fIHb91EWa8,[신사장 프로젝트 11화] 이제부터 네가 내 협상 대리인이야! / 윤동희 죽이러 간다! / #신사장프로젝트 #신사장프로젝트드라마 #K드라마 #액션드라마 #범죄드라마 #스릴러드라마,Clip,UgyN7KctFgxgI9e9HRt4AaABAg,,0,@인생무상-l7k,🎉😂😂❤❤,2025-10-26T11:41:00Z,2
_fIHb91EWa8,[신사장 프로젝트 11화] 이제부터 네가 내 협상 대리인이야! / 윤동희 죽이러 간다! / #신사장프로젝트 #신사장프로젝트드라마 #K드라마 #액션드라마 #범죄드라마 #스릴러드라마,Clip,Ugypi_1xfmUROc8-3Vp4AaABAg,,0,@단단아빠의세상,❤❤❤,2025-10-23T13:51:07Z,4
9JfRq-3rdAU,반반 결혼에 대한 여러분의 생각은?💬 | TVING | #신사장프로젝트 #ShinsProject,Clip,UgwH8eU8oSONDIUYJZF4AaABAg,,0,@시안-k6x,현실을 어떻게 이따위로 왜곡해놨냐. 판타지도 이런 판타지가없다. 자세 구도 표정 그대로 대사만 둘이 바꾸면 딱 현실이네,2025-10-30T02:28:29Z,3
9JfRq-3rdAU,반반 결혼에 대한 여러분의 생각은?💬 | TVING | #신사장프로젝트 #ShinsProject,Clip,UgzbnGBD7I0z-Vb-ziR4AaABAg,,0,@이방인-t1m,이게 뭔 ㅋㅋㅋㅋ 결혼 왜하냐,2025-10-30T02:12:57Z,7
8Ek7xmtPj98,"신사장프로젝트[12화마지막회]시즌2,드디어TF팀출범?!#신사장프로젝트  #한석규 #배현성  #이레 #kdrama #드라마추천",Clip,Ugy1rNEkDCZOcmQJ_xd4AaABAg,,0,@드라마소동,어흐흑 끝나가서 아쉬워요~~~~,2025-10-28T07:33:17Z,1
8Ek7xmtPj98,"신사장프로젝트[12화마지막회]시즌2,드디어TF팀출범?!#신사장프로젝트  #한석규 #배현성  #이레 #kdrama #드라마추천",Clip,UgwGIxewnaHv0VoifTF4AaABAg,,0,@Callingchefpaul,시즌2 레츠고,2025-10-28T06:26:28Z,1
BSkYQoKuyc0,김동준(KIM DONG JUN) '신사장 프로젝트(Shin's Project)' Special Cast 🎬_2 #Short REPLAY,Shorts,UgyErzlKVs56rF2Ldfp4AaABAg,,0,@anacampos3904,Beautiful❤,2025-10-30T03:58:15Z,0
MbYQ1iAO4ho,🔥신사장의 '역대급 덫'!🔥 윤동희X이호준 두 빌런 한 방에 잡는 방법 공개! #한석규 #배현성 #drama #이레,Shorts,UgzSSaH7jm3vSmQLOhF4AaABAg,,0,@무비잇다,https://youtu.be/YP64t4ZnvJs,2025-10-26T18:10:06Z,1
MbYQ1iAO4ho,🔥신사장의 '역대급 덫'!🔥 윤동희X이호준 두 빌런 한 방에 잡는 방법 공개! #한석규 #배현성 #drama #이레,Shorts,UgxXkrTTpq8M3xSj4kJ4AaABAg,,0,@무비잇다,"@무비잇다
원본영상
https://youtu.be/YP64t4ZnvJs",2025-10-26T18:09:35Z,1
wWBP2zI5w7Q,김동준(KIM DONG JUN) '신사장 프로젝트(Shin's Project)' Special Cast 🎬_1 #Short REPLAY,Shorts,UgySar13akcBYP0D6G54AaABAg,,0,@moonmcken,Yeayyy...next year will be a better year for us right Dongjunnie 😚🥰 Fightinggggg 💯❤️‍🔥✊🫶,2025-10-30T05:47:14Z,1
wWBP2zI5w7Q,김동준(KIM DONG JUN) '신사장 프로젝트(Shin's Project)' Special Cast 🎬_1 #Short REPLAY,Shorts,UgwGUMmfSXrKdC0Zqtl4AaABAg,,0,@김-s5b,😊,2025-10-30T03:30:26Z,1
wWBP2zI5w7Q,김동준(KIM DONG JUN) '신사장 프로젝트(Shin's Project)' Special Cast 🎬_1 #Short REPLAY,Shorts,Ugxa_SklqmMT75L7EG14AaABAg,,0,@게모야이,그래서 시즌2로 나온다는거지?,2025-10-30T03:18:31Z,2
